<?xml version="1.0" encoding="UTF-8"?><font><info face="Angel-red" size="72" bold="0" italic="0" charset="" unicode="1" stretchH="100" smooth="1" aa="1" padding="1,1,1,1" spacing="1,1"/><common lineHeight="72" base="54" scaleW="570" scaleH="576" pages="1" packed="0"/><pages><page id="0" file="Angel-red.png"/></pages><chars count="91"><char id="32" x="0" y="0" width="0" height="0" xoffset="0" yoffset="0" xadvance="20" page="0" chnl="15"/><!--   --><char id="33" x="521" y="376" width="30" height="56" xoffset="2" yoffset="3" xadvance="23" page="0" chnl="15"/><!-- ! --><char id="34" x="460" y="422" width="24" height="19" xoffset="3" yoffset="2" xadvance="30" page="0" chnl="15"/><!-- " --><char id="35" x="521" y="0" width="40" height="53" xoffset="0" yoffset="2" xadvance="41" page="0" chnl="15"/><!-- # --><char id="36" x="521" y="54" width="34" height="62" xoffset="3" yoffset="-1" xadvance="41" page="0" chnl="15"/><!-- $ --><char id="37" x="81" y="521" width="61" height="55" xoffset="2" yoffset="1" xadvance="65" page="0" chnl="15"/><!-- % --><char id="38" x="387" y="521" width="53" height="55" xoffset="1" yoffset="1" xadvance="54" page="0" chnl="15"/><!-- & --><char id="39" x="143" y="521" width="10" height="19" xoffset="3" yoffset="2" xadvance="16" page="0" chnl="15"/><!-- ' --><char id="40" x="460" y="508" width="21" height="67" xoffset="3" yoffset="-2" xadvance="25" page="0" chnl="15"/><!-- ( --><char id="41" x="488" y="288" width="21" height="67" xoffset="1" yoffset="-2" xadvance="25" page="0" chnl="15"/><!-- ) --><char id="42" x="521" y="173" width="32" height="30" xoffset="2" yoffset="-1" xadvance="36" page="0" chnl="15"/><!-- * --><char id="43" x="521" y="117" width="34" height="33" xoffset="3" yoffset="12" xadvance="41" page="0" chnl="15"/><!-- + --><char id="44" x="272" y="535" width="22" height="25" xoffset="1" yoffset="40" xadvance="23" page="0" chnl="15"/><!-- , --><char id="45" x="235" y="562" width="22" height="8" xoffset="0" yoffset="30" xadvance="23" page="0" chnl="15"/><!-- - --><char id="46" x="521" y="553" width="23" height="19" xoffset="1" yoffset="40" xadvance="24" page="0" chnl="15"/><!-- . --><char id="47" x="460" y="442" width="23" height="65" xoffset="-1" yoffset="-1" xadvance="21" page="0" chnl="15"/><!-- / --><char id="48" x="235" y="353" width="74" height="57" xoffset="4" yoffset="2" xadvance="72" page="0" chnl="15"/><!-- 0 --><char id="49" x="521" y="204" width="31" height="57" xoffset="9" yoffset="2" xadvance="32" page="0" chnl="15"/><!-- 1 --><char id="50" x="0" y="401" width="76" height="57" xoffset="2" yoffset="2" xadvance="73" page="0" chnl="15"/><!-- 2 --><char id="51" x="81" y="464" width="76" height="56" xoffset="2" yoffset="3" xadvance="73" page="0" chnl="15"/><!-- 3 --><char id="52" x="460" y="0" width="60" height="57" xoffset="3" yoffset="2" xadvance="61" page="0" chnl="15"/><!-- 4 --><char id="53" x="0" y="228" width="78" height="56" xoffset="2" yoffset="3" xadvance="73" page="0" chnl="15"/><!-- 5 --><char id="54" x="158" y="0" width="76" height="56" xoffset="4" yoffset="3" xadvance="73" page="0" chnl="15"/><!-- 6 --><char id="55" x="387" y="464" width="61" height="56" xoffset="9" yoffset="3" xadvance="62" page="0" chnl="15"/><!-- 7 --><char id="56" x="312" y="232" width="74" height="56" xoffset="4" yoffset="3" xadvance="73" page="0" chnl="15"/><!-- 8 --><char id="57" x="158" y="57" width="76" height="56" xoffset="2" yoffset="3" xadvance="73" page="0" chnl="15"/><!-- 9 --><char id="58" x="521" y="433" width="30" height="56" xoffset="1" yoffset="3" xadvance="24" page="0" chnl="15"/><!-- : --><char id="59" x="521" y="490" width="29" height="62" xoffset="2" yoffset="3" xadvance="23" page="0" chnl="15"/><!-- ; --><char id="61" x="521" y="151" width="34" height="21" xoffset="3" yoffset="18" xadvance="41" page="0" chnl="15"/><!-- = --><char id="63" x="387" y="228" width="66" height="57" xoffset="9" yoffset="2" xadvance="70" page="0" chnl="15"/><!-- ? --><char id="64" x="387" y="400" width="61" height="63" xoffset="3" yoffset="2" xadvance="67" page="0" chnl="15"/><!-- @ --><char id="65" x="81" y="174" width="76" height="57" xoffset="1" yoffset="2" xadvance="72" page="0" chnl="15"/><!-- A --><char id="66" x="0" y="343" width="77" height="57" xoffset="1" yoffset="2" xadvance="72" page="0" chnl="15"/><!-- B --><char id="67" x="387" y="0" width="72" height="56" xoffset="4" yoffset="3" xadvance="70" page="0" chnl="15"/><!-- C --><char id="68" x="235" y="173" width="75" height="57" xoffset="1" yoffset="2" xadvance="70" page="0" chnl="15"/><!-- D --><char id="69" x="235" y="231" width="75" height="57" xoffset="1" yoffset="2" xadvance="68" page="0" chnl="15"/><!-- E --><char id="70" x="312" y="58" width="74" height="57" xoffset="1" yoffset="2" xadvance="67" page="0" chnl="15"/><!-- F --><char id="71" x="312" y="346" width="74" height="56" xoffset="4" yoffset="3" xadvance="73" page="0" chnl="15"/><!-- G --><char id="72" x="158" y="342" width="76" height="56" xoffset="1" yoffset="3" xadvance="69" page="0" chnl="15"/><!-- H --><char id="73" x="521" y="319" width="30" height="56" xoffset="1" yoffset="3" xadvance="23" page="0" chnl="15"/><!-- I --><char id="74" x="158" y="399" width="76" height="56" xoffset="4" yoffset="3" xadvance="72" page="0" chnl="15"/><!-- J --><char id="75" x="0" y="57" width="80" height="56" xoffset="1" yoffset="3" xadvance="73" page="0" chnl="15"/><!-- K --><char id="76" x="460" y="231" width="59" height="56" xoffset="2" yoffset="3" xadvance="61" page="0" chnl="15"/><!-- L --><char id="77" x="81" y="232" width="76" height="57" xoffset="2" yoffset="3" xadvance="70" page="0" chnl="15"/><!-- M --><char id="78" x="158" y="456" width="76" height="56" xoffset="2" yoffset="3" xadvance="70" page="0" chnl="15"/><!-- N --><char id="79" x="312" y="116" width="74" height="57" xoffset="4" yoffset="2" xadvance="73" page="0" chnl="15"/><!-- O --><char id="80" x="81" y="290" width="76" height="57" xoffset="2" yoffset="2" xadvance="73" page="0" chnl="15"/><!-- P --><char id="81" x="235" y="289" width="74" height="63" xoffset="4" yoffset="3" xadvance="73" page="0" chnl="15"/><!-- Q --><char id="82" x="81" y="348" width="76" height="57" xoffset="2" yoffset="2" xadvance="73" page="0" chnl="15"/><!-- R --><char id="83" x="235" y="0" width="76" height="56" xoffset="2" yoffset="3" xadvance="70" page="0" chnl="15"/><!-- S --><char id="84" x="460" y="116" width="60" height="57" xoffset="9" yoffset="2" xadvance="61" page="0" chnl="15"/><!-- T --><char id="85" x="312" y="174" width="74" height="57" xoffset="5" yoffset="2" xadvance="71" page="0" chnl="15"/><!-- U --><char id="86" x="387" y="343" width="66" height="56" xoffset="8" yoffset="3" xadvance="66" page="0" chnl="15"/><!-- V --><char id="87" x="81" y="406" width="76" height="57" xoffset="2" yoffset="2" xadvance="70" page="0" chnl="15"/><!-- W --><char id="88" x="0" y="171" width="79" height="56" xoffset="1" yoffset="3" xadvance="70" page="0" chnl="15"/><!-- X --><char id="89" x="312" y="460" width="73" height="56" xoffset="7" yoffset="3" xadvance="72" page="0" chnl="15"/><!-- Y --><char id="90" x="387" y="112" width="68" height="57" xoffset="2" yoffset="2" xadvance="62" page="0" chnl="15"/><!-- Z --><char id="91" x="488" y="356" width="19" height="65" xoffset="6" yoffset="-1" xadvance="26" page="0" chnl="15"/><!-- [ --><char id="93" x="485" y="422" width="19" height="65" xoffset="1" yoffset="-1" xadvance="26" page="0" chnl="15"/><!-- ] --><char id="94" x="235" y="527" width="36" height="34" xoffset="2" yoffset="2" xadvance="41" page="0" chnl="15"/><!-- ^ --><char id="95" x="272" y="527" width="37" height="7" xoffset="-2" yoffset="58" xadvance="34" page="0" chnl="15"/><!-- _ --><char id="97" x="0" y="459" width="76" height="57" xoffset="1" yoffset="2" xadvance="72" page="0" chnl="15"/><!-- a --><char id="98" x="0" y="285" width="77" height="57" xoffset="1" yoffset="2" xadvance="72" page="0" chnl="15"/><!-- b --><char id="99" x="312" y="517" width="72" height="56" xoffset="4" yoffset="3" xadvance="70" page="0" chnl="15"/><!-- c --><char id="100" x="235" y="57" width="75" height="57" xoffset="1" yoffset="2" xadvance="70" page="0" chnl="15"/><!-- d --><char id="101" x="235" y="115" width="75" height="57" xoffset="1" yoffset="2" xadvance="68" page="0" chnl="15"/><!-- e --><char id="102" x="235" y="411" width="74" height="57" xoffset="1" yoffset="2" xadvance="67" page="0" chnl="15"/><!-- f --><char id="103" x="312" y="289" width="74" height="56" xoffset="4" yoffset="3" xadvance="73" page="0" chnl="15"/><!-- g --><char id="104" x="158" y="114" width="76" height="56" xoffset="1" yoffset="3" xadvance="69" page="0" chnl="15"/><!-- h --><char id="105" x="521" y="262" width="30" height="56" xoffset="1" yoffset="3" xadvance="23" page="0" chnl="15"/><!-- i --><char id="106" x="158" y="171" width="76" height="56" xoffset="4" yoffset="3" xadvance="72" page="0" chnl="15"/><!-- j --><char id="107" x="0" y="0" width="80" height="56" xoffset="1" yoffset="3" xadvance="73" page="0" chnl="15"/><!-- k --><char id="108" x="460" y="174" width="59" height="56" xoffset="2" yoffset="3" xadvance="61" page="0" chnl="15"/><!-- l --><char id="109" x="0" y="517" width="76" height="57" xoffset="2" yoffset="3" xadvance="70" page="0" chnl="15"/><!-- m --><char id="110" x="158" y="228" width="76" height="56" xoffset="2" yoffset="3" xadvance="70" page="0" chnl="15"/><!-- n --><char id="111" x="235" y="469" width="74" height="57" xoffset="4" yoffset="2" xadvance="73" page="0" chnl="15"/><!-- o --><char id="112" x="81" y="0" width="76" height="57" xoffset="2" yoffset="2" xadvance="73" page="0" chnl="15"/><!-- p --><char id="113" x="158" y="513" width="74" height="63" xoffset="4" yoffset="3" xadvance="73" page="0" chnl="15"/><!-- q --><char id="114" x="81" y="58" width="76" height="57" xoffset="2" yoffset="2" xadvance="73" page="0" chnl="15"/><!-- r --><char id="115" x="158" y="285" width="76" height="56" xoffset="2" yoffset="3" xadvance="70" page="0" chnl="15"/><!-- s --><char id="116" x="460" y="58" width="60" height="57" xoffset="9" yoffset="2" xadvance="61" page="0" chnl="15"/><!-- t --><char id="117" x="312" y="0" width="74" height="57" xoffset="5" yoffset="2" xadvance="71" page="0" chnl="15"/><!-- u --><char id="118" x="387" y="286" width="66" height="56" xoffset="8" yoffset="3" xadvance="66" page="0" chnl="15"/><!-- v --><char id="119" x="81" y="116" width="76" height="57" xoffset="2" yoffset="2" xadvance="70" page="0" chnl="15"/><!-- w --><char id="120" x="0" y="114" width="79" height="56" xoffset="1" yoffset="3" xadvance="70" page="0" chnl="15"/><!-- x --><char id="121" x="312" y="403" width="73" height="56" xoffset="7" yoffset="3" xadvance="72" page="0" chnl="15"/><!-- y --><char id="122" x="387" y="170" width="67" height="57" xoffset="2" yoffset="2" xadvance="62" page="0" chnl="15"/><!-- z --><char id="123" x="460" y="288" width="27" height="66" xoffset="2" yoffset="-1" xadvance="31" page="0" chnl="15"/><!-- { --><char id="124" x="562" y="0" width="8" height="73" xoffset="16" yoffset="-1" xadvance="41" page="0" chnl="15"/><!-- | --><char id="125" x="460" y="355" width="27" height="66" xoffset="2" yoffset="-1" xadvance="31" page="0" chnl="15"/><!-- } --><char id="8470" x="387" y="57" width="71" height="54" xoffset="1" yoffset="1" xadvance="74" page="0" chnl="15"/><!-- № --></chars></font>